facility_id,facility_name,area,period,target_doses,reporting_status,submission_count,selected_report_id,accepted_doses,variance_doses
F001,Demo Facility 01,Demo Area A,2023-01,112,accepted,1,R0001,100,-12
F001,Demo Facility 01,Demo Area A,2023-02,112,accepted,1,R0002,97,-15
F001,Demo Facility 01,Demo Area A,2023-03,112,accepted,1,R0003,92,-20
F001,Demo Facility 01,Demo Area A,2023-04,112,accepted,1,R0004,91,-21
F001,Demo Facility 01,Demo Area A,2023-05,112,accepted,1,R0005,91,-21
F001,Demo Facility 01,Demo Area A,2023-06,112,accepted,1,R0006,88,-24
F001,Demo Facility 01,Demo Area A,2023-07,112,accepted,1,R0007,87,-25
F001,Demo Facility 01,Demo Area A,2023-08,112,accepted,1,R0008,101,-11
F001,Demo Facility 01,Demo Area A,2023-09,112,accepted,1,R0009,86,-26
F001,Demo Facility 01,Demo Area A,2023-10,112,accepted,1,R0010,102,-10
F001,Demo Facility 01,Demo Area A,2023-11,112,accepted,1,R0011,110,-2
F001,Demo Facility 01,Demo Area A,2023-12,112,accepted,1,R0012,98,-14
F001,Demo Facility 01,Demo Area A,2024-01,112,accepted,1,R0013,97,-15
F001,Demo Facility 01,Demo Area A,2024-02,112,accepted,1,R0014,99,-13
F001,Demo Facility 01,Demo Area A,2024-03,112,accepted,1,R0015,90,-22
F001,Demo Facility 01,Demo Area A,2024-04,112,accepted,1,R0016,91,-21
F001,Demo Facility 01,Demo Area A,2024-05,112,accepted,1,R0017,100,-12
F001,Demo Facility 01,Demo Area A,2024-06,112,accepted,1,R0018,84,-28
F001,Demo Facility 01,Demo Area A,2024-07,112,accepted,1,R0019,101,-11
F001,Demo Facility 01,Demo Area A,2024-08,112,accepted,1,R0020,90,-22
F001,Demo Facility 01,Demo Area A,2024-09,112,accepted,1,R0021,101,-11
F001,Demo Facility 01,Demo Area A,2024-10,112,accepted,1,R0022,97,-15
F001,Demo Facility 01,Demo Area A,2024-11,112,accepted,1,R0023,104,-8
F001,Demo Facility 01,Demo Area A,2024-12,112,accepted,1,R0024,111,-1
F001,Demo Facility 01,Demo Area A,2025-01,112,accepted,1,R0025,115,3
F001,Demo Facility 01,Demo Area A,2025-02,112,accepted,1,R0026,105,-7
F001,Demo Facility 01,Demo Area A,2025-03,112,accepted,1,R0027,84,-28
F001,Demo Facility 01,Demo Area A,2025-04,112,accepted,1,R0028,89,-23
F001,Demo Facility 01,Demo Area A,2025-05,112,accepted,1,R0029,97,-15
F001,Demo Facility 01,Demo Area A,2025-06,112,accepted,1,R0030,94,-18
F001,Demo Facility 01,Demo Area A,2025-07,112,accepted,1,R0031,0,-112
F001,Demo Facility 01,Demo Area A,2025-08,112,accepted,1,R0032,88,-24
F001,Demo Facility 01,Demo Area A,2025-09,112,accepted,1,R0033,90,-22
F001,Demo Facility 01,Demo Area A,2025-10,112,accepted,1,R0034,94,-18
F001,Demo Facility 01,Demo Area A,2025-11,112,accepted,1,R0035,100,-12
F001,Demo Facility 01,Demo Area A,2025-12,112,accepted,1,R0036,99,-13
F002,Demo Facility 02,Demo Area A,2023-01,124,accepted,1,R0037,121,-3
F002,Demo Facility 02,Demo Area A,2023-02,124,accepted,1,R0038,112,-12
F002,Demo Facility 02,Demo Area A,2023-03,124,accepted,1,R0039,107,-17
F002,Demo Facility 02,Demo Area A,2023-04,124,accepted,1,R0040,107,-17
F002,Demo Facility 02,Demo Area A,2023-05,124,accepted,1,R0041,104,-20
F002,Demo Facility 02,Demo Area A,2023-06,124,accepted,1,R0042,97,-27
F002,Demo Facility 02,Demo Area A,2023-07,124,accepted,1,R0043,110,-14
F002,Demo Facility 02,Demo Area A,2023-08,124,accepted,1,R0044,113,-11
F002,Demo Facility 02,Demo Area A,2023-09,124,accepted,1,R0045,99,-25
F002,Demo Facility 02,Demo Area A,2023-10,124,accepted,1,R0046,108,-16
F002,Demo Facility 02,Demo Area A,2023-11,124,accepted,1,R0047,111,-13
F002,Demo Facility 02,Demo Area A,2023-12,124,accepted,1,R0048,126,2
F002,Demo Facility 02,Demo Area A,2024-01,124,accepted,1,R0049,118,-6
F002,Demo Facility 02,Demo Area A,2024-02,124,accepted,1,R0050,120,-4
F002,Demo Facility 02,Demo Area A,2024-03,124,accepted,1,R0051,114,-10
F002,Demo Facility 02,Demo Area A,2024-04,124,accepted,1,R0052,102,-22
F002,Demo Facility 02,Demo Area A,2024-05,124,accepted,1,R0053,98,-26
F002,Demo Facility 02,Demo Area A,2024-06,124,accepted,1,R0054,97,-27
F002,Demo Facility 02,Demo Area A,2024-07,124,accepted,1,R0055,103,-21
F002,Demo Facility 02,Demo Area A,2024-08,124,accepted,1,R0056,105,-19
F002,Demo Facility 02,Demo Area A,2024-09,124,accepted,1,R0057,98,-26
F002,Demo Facility 02,Demo Area A,2024-10,124,accepted,1,R0058,103,-21
F002,Demo Facility 02,Demo Area A,2024-11,124,accepted,1,R0059,112,-12
F002,Demo Facility 02,Demo Area A,2024-12,124,accepted,1,R0060,121,-3
F002,Demo Facility 02,Demo Area A,2025-01,124,accepted,1,R0061,117,-7
F002,Demo Facility 02,Demo Area A,2025-02,124,accepted,1,R0062,123,-1
F002,Demo Facility 02,Demo Area A,2025-03,124,accepted,1,R0063,107,-17
F002,Demo Facility 02,Demo Area A,2025-04,124,accepted,1,R0064,101,-23
F002,Demo Facility 02,Demo Area A,2025-05,124,accepted,2,R0215,125,1
F002,Demo Facility 02,Demo Area A,2025-06,124,accepted,1,R0066,107,-17
F002,Demo Facility 02,Demo Area A,2025-07,124,accepted,1,R0067,102,-22
F002,Demo Facility 02,Demo Area A,2025-08,124,accepted,1,R0068,104,-20
F002,Demo Facility 02,Demo Area A,2025-09,124,accepted,1,R0069,98,-26
F002,Demo Facility 02,Demo Area A,2025-10,124,accepted,1,R0070,101,-23
F002,Demo Facility 02,Demo Area A,2025-11,124,accepted,1,R0071,126,2
F002,Demo Facility 02,Demo Area A,2025-12,124,accepted,1,R0072,116,-8
F003,Demo Facility 03,Demo Area A,2023-01,136,accepted,1,R0073,126,-10
F003,Demo Facility 03,Demo Area A,2023-02,136,accepted,1,R0074,135,-1
F003,Demo Facility 03,Demo Area A,2023-03,136,accepted,1,R0075,120,-16
F003,Demo Facility 03,Demo Area A,2023-04,136,accepted,1,R0076,116,-20
F003,Demo Facility 03,Demo Area A,2023-05,136,accepted,1,R0077,125,-11
F003,Demo Facility 03,Demo Area A,2023-06,136,accepted,1,R0078,115,-21
F003,Demo Facility 03,Demo Area A,2023-07,136,accepted,1,R0079,118,-18
F003,Demo Facility 03,Demo Area A,2023-08,136,accepted,1,R0080,109,-27
F003,Demo Facility 03,Demo Area A,2023-09,136,accepted,1,R0081,115,-21
F003,Demo Facility 03,Demo Area A,2023-10,136,accepted,1,R0082,109,-27
F003,Demo Facility 03,Demo Area A,2023-11,136,accepted,1,R0083,131,-5
F003,Demo Facility 03,Demo Area A,2023-12,136,accepted,1,R0084,133,-3
F003,Demo Facility 03,Demo Area A,2024-01,136,accepted,1,R0085,129,-7
F003,Demo Facility 03,Demo Area A,2024-02,136,accepted,1,R0086,123,-13
F003,Demo Facility 03,Demo Area A,2024-03,136,accepted,1,R0087,114,-22
F003,Demo Facility 03,Demo Area A,2024-04,136,accepted,1,R0088,126,-10
F003,Demo Facility 03,Demo Area A,2024-05,136,accepted,1,R0089,118,-18
F003,Demo Facility 03,Demo Area A,2024-06,136,accepted,1,R0090,114,-22
F003,Demo Facility 03,Demo Area A,2024-07,136,accepted,1,R0091,123,-13
F003,Demo Facility 03,Demo Area A,2024-08,136,accepted,1,R0092,120,-16
F003,Demo Facility 03,Demo Area A,2024-09,136,accepted,1,R0093,122,-14
F003,Demo Facility 03,Demo Area A,2024-10,136,accepted,1,R0094,112,-24
F003,Demo Facility 03,Demo Area A,2024-11,136,accepted,1,R0095,129,-7
F003,Demo Facility 03,Demo Area A,2024-12,136,accepted,1,R0096,125,-11
F003,Demo Facility 03,Demo Area A,2025-01,136,accepted,1,R0097,128,-8
F003,Demo Facility 03,Demo Area A,2025-02,136,missing,0,,,
F003,Demo Facility 03,Demo Area A,2025-03,136,accepted,1,R0098,125,-11
F003,Demo Facility 03,Demo Area A,2025-04,136,accepted,1,R0099,116,-20
F003,Demo Facility 03,Demo Area A,2025-05,136,accepted,1,R0100,126,-10
F003,Demo Facility 03,Demo Area A,2025-06,136,accepted,1,R0101,121,-15
F003,Demo Facility 03,Demo Area A,2025-07,136,accepted,1,R0102,126,-10
F003,Demo Facility 03,Demo Area A,2025-08,136,accepted,1,R0103,120,-16
F003,Demo Facility 03,Demo Area A,2025-09,136,accepted,1,R0104,119,-17
F003,Demo Facility 03,Demo Area A,2025-10,136,accepted,1,R0105,115,-21
F003,Demo Facility 03,Demo Area A,2025-11,136,accepted,1,R0106,125,-11
F003,Demo Facility 03,Demo Area A,2025-12,136,accepted,1,R0107,137,1
F004,Demo Facility 04,Demo Area B,2023-01,148,accepted,1,R0108,148,0
F004,Demo Facility 04,Demo Area B,2023-02,148,accepted,1,R0109,135,-13
F004,Demo Facility 04,Demo Area B,2023-03,148,accepted,1,R0110,121,-27
F004,Demo Facility 04,Demo Area B,2023-04,148,accepted,1,R0111,123,-25
F004,Demo Facility 04,Demo Area B,2023-05,148,accepted,1,R0112,124,-24
F004,Demo Facility 04,Demo Area B,2023-06,148,accepted,1,R0113,125,-23
F004,Demo Facility 04,Demo Area B,2023-07,148,accepted,1,R0114,133,-15
F004,Demo Facility 04,Demo Area B,2023-08,148,accepted,1,R0115,122,-26
F004,Demo Facility 04,Demo Area B,2023-09,148,accepted,1,R0116,132,-16
F004,Demo Facility 04,Demo Area B,2023-10,148,accepted,1,R0117,132,-16
F004,Demo Facility 04,Demo Area B,2023-11,148,accepted,1,R0118,147,-1
F004,Demo Facility 04,Demo Area B,2023-12,148,accepted,1,R0119,149,1
F004,Demo Facility 04,Demo Area B,2024-01,148,accepted,1,R0120,141,-7
F004,Demo Facility 04,Demo Area B,2024-02,148,accepted,1,R0121,150,2
F004,Demo Facility 04,Demo Area B,2024-03,148,accepted,1,R0122,120,-28
F004,Demo Facility 04,Demo Area B,2024-04,148,accepted,1,R0123,123,-25
F004,Demo Facility 04,Demo Area B,2024-05,148,accepted,1,R0124,137,-11
F004,Demo Facility 04,Demo Area B,2024-06,148,accepted,1,R0125,128,-20
F004,Demo Facility 04,Demo Area B,2024-07,148,accepted,1,R0126,130,-18
F004,Demo Facility 04,Demo Area B,2024-08,148,accepted,1,R0127,123,-25
F004,Demo Facility 04,Demo Area B,2024-09,148,accepted,1,R0128,129,-19
F004,Demo Facility 04,Demo Area B,2024-10,148,accepted,1,R0129,133,-15
F004,Demo Facility 04,Demo Area B,2024-11,148,accepted,1,R0130,138,-10
F004,Demo Facility 04,Demo Area B,2024-12,148,accepted,1,R0131,147,-1
F004,Demo Facility 04,Demo Area B,2025-01,148,accepted,1,R0132,133,-15
F004,Demo Facility 04,Demo Area B,2025-02,148,accepted,1,R0133,141,-7
F004,Demo Facility 04,Demo Area B,2025-03,148,accepted,1,R0134,136,-12
F004,Demo Facility 04,Demo Area B,2025-04,148,accepted,1,R0135,125,-23
F004,Demo Facility 04,Demo Area B,2025-05,148,accepted,1,R0136,136,-12
F004,Demo Facility 04,Demo Area B,2025-06,148,accepted,1,R0137,123,-25
F004,Demo Facility 04,Demo Area B,2025-07,148,accepted,1,R0138,129,-19
F004,Demo Facility 04,Demo Area B,2025-08,148,accepted,1,R0139,136,-12
F004,Demo Facility 04,Demo Area B,2025-09,148,accepted,1,R0140,126,-22
F004,Demo Facility 04,Demo Area B,2025-10,148,accepted,1,R0141,124,-24
F004,Demo Facility 04,Demo Area B,2025-11,148,accepted,1,R0142,144,-4
F004,Demo Facility 04,Demo Area B,2025-12,148,accepted,1,R0143,138,-10
F005,Demo Facility 05,Demo Area B,2023-01,160,accepted,1,R0144,162,2
F005,Demo Facility 05,Demo Area B,2023-02,160,accepted,1,R0145,161,1
F005,Demo Facility 05,Demo Area B,2023-03,160,accepted,1,R0146,132,-28
F005,Demo Facility 05,Demo Area B,2023-04,160,accepted,1,R0147,142,-18
F005,Demo Facility 05,Demo Area B,2023-05,160,accepted,1,R0148,147,-13
F005,Demo Facility 05,Demo Area B,2023-06,160,accepted,1,R0149,132,-28
F005,Demo Facility 05,Demo Area B,2023-07,160,accepted,1,R0150,135,-25
F005,Demo Facility 05,Demo Area B,2023-08,160,accepted,1,R0151,143,-17
F005,Demo Facility 05,Demo Area B,2023-09,160,accepted,1,R0152,141,-19
F005,Demo Facility 05,Demo Area B,2023-10,160,accepted,1,R0153,139,-21
F005,Demo Facility 05,Demo Area B,2023-11,160,accepted,1,R0154,146,-14
F005,Demo Facility 05,Demo Area B,2023-12,160,accepted,1,R0155,152,-8
F005,Demo Facility 05,Demo Area B,2024-01,160,accepted,1,R0156,163,3
F005,Demo Facility 05,Demo Area B,2024-02,160,accepted,1,R0157,147,-13
F005,Demo Facility 05,Demo Area B,2024-03,160,accepted,1,R0158,134,-26
F005,Demo Facility 05,Demo Area B,2024-04,160,accepted,1,R0159,147,-13
F005,Demo Facility 05,Demo Area B,2024-05,160,accepted,1,R0160,134,-26
F005,Demo Facility 05,Demo Area B,2024-06,160,accepted,1,R0161,149,-11
F005,Demo Facility 05,Demo Area B,2024-07,160,accepted,1,R0162,136,-24
F005,Demo Facility 05,Demo Area B,2024-08,160,accepted,1,R0163,136,-24
F005,Demo Facility 05,Demo Area B,2024-09,160,accepted,1,R0164,147,-13
F005,Demo Facility 05,Demo Area B,2024-10,160,accepted,1,R0165,149,-11
F005,Demo Facility 05,Demo Area B,2024-11,160,accepted,1,R0166,150,-10
F005,Demo Facility 05,Demo Area B,2024-12,160,accepted,1,R0167,153,-7
F005,Demo Facility 05,Demo Area B,2025-01,160,accepted,1,R0168,161,1
F005,Demo Facility 05,Demo Area B,2025-02,160,accepted,1,R0169,158,-2
F005,Demo Facility 05,Demo Area B,2025-03,160,accepted,1,R0170,138,-22
F005,Demo Facility 05,Demo Area B,2025-04,160,accepted,1,R0171,149,-11
F005,Demo Facility 05,Demo Area B,2025-05,160,accepted,1,R0172,138,-22
F005,Demo Facility 05,Demo Area B,2025-06,160,invalid,1,,,
F005,Demo Facility 05,Demo Area B,2025-07,160,accepted,1,R0174,144,-16
F005,Demo Facility 05,Demo Area B,2025-08,160,accepted,1,R0175,143,-17
F005,Demo Facility 05,Demo Area B,2025-09,160,accepted,1,R0176,146,-14
F005,Demo Facility 05,Demo Area B,2025-10,160,accepted,1,R0177,148,-12
F005,Demo Facility 05,Demo Area B,2025-11,160,accepted,1,R0178,159,-1
F005,Demo Facility 05,Demo Area B,2025-12,160,accepted,1,R0179,148,-12
F006,Demo Facility 06,Demo Area B,2023-01,172,accepted,1,R0180,164,-8
F006,Demo Facility 06,Demo Area B,2023-02,172,accepted,1,R0181,164,-8
F006,Demo Facility 06,Demo Area B,2023-03,172,accepted,1,R0182,146,-26
F006,Demo Facility 06,Demo Area B,2023-04,172,accepted,1,R0183,154,-18
F006,Demo Facility 06,Demo Area B,2023-05,172,accepted,1,R0184,144,-28
F006,Demo Facility 06,Demo Area B,2023-06,172,accepted,1,R0185,162,-10
F006,Demo Facility 06,Demo Area B,2023-07,172,accepted,1,R0186,161,-11
F006,Demo Facility 06,Demo Area B,2023-08,172,accepted,1,R0187,151,-21
F006,Demo Facility 06,Demo Area B,2023-09,172,accepted,1,R0188,162,-10
F006,Demo Facility 06,Demo Area B,2023-10,172,accepted,1,R0189,151,-21
F006,Demo Facility 06,Demo Area B,2023-11,172,accepted,1,R0190,157,-15
F006,Demo Facility 06,Demo Area B,2023-12,172,accepted,1,R0191,159,-13
F006,Demo Facility 06,Demo Area B,2024-01,172,accepted,1,R0192,158,-14
F006,Demo Facility 06,Demo Area B,2024-02,172,accepted,1,R0193,164,-8
F006,Demo Facility 06,Demo Area B,2024-03,172,accepted,1,R0194,146,-26
F006,Demo Facility 06,Demo Area B,2024-04,172,accepted,1,R0195,145,-27
F006,Demo Facility 06,Demo Area B,2024-05,172,accepted,1,R0196,154,-18
F006,Demo Facility 06,Demo Area B,2024-06,172,accepted,1,R0197,146,-26
F006,Demo Facility 06,Demo Area B,2024-07,172,accepted,1,R0198,160,-12
F006,Demo Facility 06,Demo Area B,2024-08,172,accepted,1,R0199,151,-21
F006,Demo Facility 06,Demo Area B,2024-09,172,accepted,1,R0200,152,-20
F006,Demo Facility 06,Demo Area B,2024-10,172,accepted,1,R0201,159,-13
F006,Demo Facility 06,Demo Area B,2024-11,172,accepted,1,R0202,163,-9
F006,Demo Facility 06,Demo Area B,2024-12,172,accepted,1,R0203,174,2
F006,Demo Facility 06,Demo Area B,2025-01,172,accepted,1,R0204,161,-11
F006,Demo Facility 06,Demo Area B,2025-02,172,accepted,1,R0205,175,3
F006,Demo Facility 06,Demo Area B,2025-03,172,accepted,1,R0206,162,-10
F006,Demo Facility 06,Demo Area B,2025-04,172,missing,0,,,
F006,Demo Facility 06,Demo Area B,2025-05,172,accepted,1,R0207,151,-21
F006,Demo Facility 06,Demo Area B,2025-06,172,accepted,1,R0208,159,-13
F006,Demo Facility 06,Demo Area B,2025-07,172,accepted,1,R0209,157,-15
F006,Demo Facility 06,Demo Area B,2025-08,172,accepted,1,R0210,150,-22
F006,Demo Facility 06,Demo Area B,2025-09,172,accepted,1,R0211,147,-25
F006,Demo Facility 06,Demo Area B,2025-10,172,accepted,1,R0212,147,-25
F006,Demo Facility 06,Demo Area B,2025-11,172,accepted,1,R0213,170,-2
F006,Demo Facility 06,Demo Area B,2025-12,172,accepted,1,R0214,168,-4
