report_id,facility_id,period,doses_delivered,reported_at,review_status,issue_code
R0001,F001,2023-01,100,2023-02-06,accepted,
R0002,F001,2023-02,97,2023-03-06,accepted,
R0003,F001,2023-03,92,2023-04-06,accepted,
R0004,F001,2023-04,91,2023-05-06,accepted,
R0005,F001,2023-05,91,2023-06-06,accepted,
R0006,F001,2023-06,88,2023-07-06,accepted,
R0007,F001,2023-07,87,2023-08-06,accepted,
R0008,F001,2023-08,101,2023-09-06,accepted,
R0009,F001,2023-09,86,2023-10-06,accepted,
R0010,F001,2023-10,102,2023-11-06,accepted,
R0011,F001,2023-11,110,2023-12-06,accepted,
R0012,F001,2023-12,98,2024-01-06,accepted,
R0013,F001,2024-01,97,2024-02-06,accepted,
R0014,F001,2024-02,99,2024-03-06,accepted,
R0015,F001,2024-03,90,2024-04-06,accepted,
R0016,F001,2024-04,91,2024-05-06,accepted,
R0017,F001,2024-05,100,2024-06-06,accepted,
R0018,F001,2024-06,84,2024-07-06,accepted,
R0019,F001,2024-07,101,2024-08-06,accepted,
R0020,F001,2024-08,90,2024-09-06,accepted,
R0021,F001,2024-09,101,2024-10-06,accepted,
R0022,F001,2024-10,97,2024-11-06,accepted,
R0023,F001,2024-11,104,2024-12-06,accepted,
R0024,F001,2024-12,111,2025-01-06,accepted,
R0025,F001,2025-01,115,2025-02-06,accepted,
R0026,F001,2025-02,105,2025-03-06,accepted,
R0027,F001,2025-03,84,2025-04-06,accepted,
R0028,F001,2025-04,89,2025-05-06,accepted,
R0029,F001,2025-05,97,2025-06-06,accepted,
R0030,F001,2025-06,94,2025-07-06,accepted,
R0031,F001,2025-07,0,2025-08-06,accepted,
R0032,F001,2025-08,88,2025-09-06,accepted,
R0033,F001,2025-09,90,2025-10-06,accepted,
R0034,F001,2025-10,94,2025-11-06,accepted,
R0035,F001,2025-11,100,2025-12-06,accepted,
R0036,F001,2025-12,99,2026-01-06,accepted,
R0037,F002,2023-01,121,2023-02-06,accepted,
R0038,F002,2023-02,112,2023-03-06,accepted,
R0039,F002,2023-03,107,2023-04-06,accepted,
R0040,F002,2023-04,107,2023-05-06,accepted,
R0041,F002,2023-05,104,2023-06-06,accepted,
R0042,F002,2023-06,97,2023-07-06,accepted,
R0043,F002,2023-07,110,2023-08-06,accepted,
R0044,F002,2023-08,113,2023-09-06,accepted,
R0045,F002,2023-09,99,2023-10-06,accepted,
R0046,F002,2023-10,108,2023-11-06,accepted,
R0047,F002,2023-11,111,2023-12-06,accepted,
R0048,F002,2023-12,126,2024-01-06,accepted,
R0049,F002,2024-01,118,2024-02-06,accepted,
R0050,F002,2024-02,120,2024-03-06,accepted,
R0051,F002,2024-03,114,2024-04-06,accepted,
R0052,F002,2024-04,102,2024-05-06,accepted,
R0053,F002,2024-05,98,2024-06-06,accepted,
R0054,F002,2024-06,97,2024-07-06,accepted,
R0055,F002,2024-07,103,2024-08-06,accepted,
R0056,F002,2024-08,105,2024-09-06,accepted,
R0057,F002,2024-09,98,2024-10-06,accepted,
R0058,F002,2024-10,103,2024-11-06,accepted,
R0059,F002,2024-11,112,2024-12-06,accepted,
R0060,F002,2024-12,121,2025-01-06,accepted,
R0061,F002,2025-01,117,2025-02-06,accepted,
R0062,F002,2025-02,123,2025-03-06,accepted,
R0063,F002,2025-03,107,2025-04-06,accepted,
R0064,F002,2025-04,101,2025-05-06,accepted,
R0065,F002,2025-05,107,2025-06-06,superseded,later_valid_submission
R0066,F002,2025-06,107,2025-07-06,accepted,
R0067,F002,2025-07,102,2025-08-06,accepted,
R0068,F002,2025-08,104,2025-09-06,accepted,
R0069,F002,2025-09,98,2025-10-06,accepted,
R0070,F002,2025-10,101,2025-11-06,accepted,
R0071,F002,2025-11,126,2025-12-06,accepted,
R0072,F002,2025-12,116,2026-01-06,accepted,
R0073,F003,2023-01,126,2023-02-06,accepted,
R0074,F003,2023-02,135,2023-03-06,accepted,
R0075,F003,2023-03,120,2023-04-06,accepted,
R0076,F003,2023-04,116,2023-05-06,accepted,
R0077,F003,2023-05,125,2023-06-06,accepted,
R0078,F003,2023-06,115,2023-07-06,accepted,
R0079,F003,2023-07,118,2023-08-06,accepted,
R0080,F003,2023-08,109,2023-09-06,accepted,
R0081,F003,2023-09,115,2023-10-06,accepted,
R0082,F003,2023-10,109,2023-11-06,accepted,
R0083,F003,2023-11,131,2023-12-06,accepted,
R0084,F003,2023-12,133,2024-01-06,accepted,
R0085,F003,2024-01,129,2024-02-06,accepted,
R0086,F003,2024-02,123,2024-03-06,accepted,
R0087,F003,2024-03,114,2024-04-06,accepted,
R0088,F003,2024-04,126,2024-05-06,accepted,
R0089,F003,2024-05,118,2024-06-06,accepted,
R0090,F003,2024-06,114,2024-07-06,accepted,
R0091,F003,2024-07,123,2024-08-06,accepted,
R0092,F003,2024-08,120,2024-09-06,accepted,
R0093,F003,2024-09,122,2024-10-06,accepted,
R0094,F003,2024-10,112,2024-11-06,accepted,
R0095,F003,2024-11,129,2024-12-06,accepted,
R0096,F003,2024-12,125,2025-01-06,accepted,
R0097,F003,2025-01,128,2025-02-06,accepted,
R0098,F003,2025-03,125,2025-04-06,accepted,
R0099,F003,2025-04,116,2025-05-06,accepted,
R0100,F003,2025-05,126,2025-06-06,accepted,
R0101,F003,2025-06,121,2025-07-06,accepted,
R0102,F003,2025-07,126,2025-08-06,accepted,
R0103,F003,2025-08,120,2025-09-06,accepted,
R0104,F003,2025-09,119,2025-10-06,accepted,
R0105,F003,2025-10,115,2025-11-06,accepted,
R0106,F003,2025-11,125,2025-12-06,accepted,
R0107,F003,2025-12,137,2026-01-06,accepted,
R0108,F004,2023-01,148,2023-02-06,accepted,
R0109,F004,2023-02,135,2023-03-06,accepted,
R0110,F004,2023-03,121,2023-04-06,accepted,
R0111,F004,2023-04,123,2023-05-06,accepted,
R0112,F004,2023-05,124,2023-06-06,accepted,
R0113,F004,2023-06,125,2023-07-06,accepted,
R0114,F004,2023-07,133,2023-08-06,accepted,
R0115,F004,2023-08,122,2023-09-06,accepted,
R0116,F004,2023-09,132,2023-10-06,accepted,
R0117,F004,2023-10,132,2023-11-06,accepted,
R0118,F004,2023-11,147,2023-12-06,accepted,
R0119,F004,2023-12,149,2024-01-06,accepted,
R0120,F004,2024-01,141,2024-02-06,accepted,
R0121,F004,2024-02,150,2024-03-06,accepted,
R0122,F004,2024-03,120,2024-04-06,accepted,
R0123,F004,2024-04,123,2024-05-06,accepted,
R0124,F004,2024-05,137,2024-06-06,accepted,
R0125,F004,2024-06,128,2024-07-06,accepted,
R0126,F004,2024-07,130,2024-08-06,accepted,
R0127,F004,2024-08,123,2024-09-06,accepted,
R0128,F004,2024-09,129,2024-10-06,accepted,
R0129,F004,2024-10,133,2024-11-06,accepted,
R0130,F004,2024-11,138,2024-12-06,accepted,
R0131,F004,2024-12,147,2025-01-06,accepted,
R0132,F004,2025-01,133,2025-02-06,accepted,
R0133,F004,2025-02,141,2025-03-06,accepted,
R0134,F004,2025-03,136,2025-04-06,accepted,
R0135,F004,2025-04,125,2025-05-06,accepted,
R0136,F004,2025-05,136,2025-06-06,accepted,
R0137,F004,2025-06,123,2025-07-06,accepted,
R0138,F004,2025-07,129,2025-08-06,accepted,
R0139,F004,2025-08,136,2025-09-06,accepted,
R0140,F004,2025-09,126,2025-10-06,accepted,
R0141,F004,2025-10,124,2025-11-06,accepted,
R0142,F004,2025-11,144,2025-12-06,accepted,
R0143,F004,2025-12,138,2026-01-06,accepted,
R0144,F005,2023-01,162,2023-02-06,accepted,
R0145,F005,2023-02,161,2023-03-06,accepted,
R0146,F005,2023-03,132,2023-04-06,accepted,
R0147,F005,2023-04,142,2023-05-06,accepted,
R0148,F005,2023-05,147,2023-06-06,accepted,
R0149,F005,2023-06,132,2023-07-06,accepted,
R0150,F005,2023-07,135,2023-08-06,accepted,
R0151,F005,2023-08,143,2023-09-06,accepted,
R0152,F005,2023-09,141,2023-10-06,accepted,
R0153,F005,2023-10,139,2023-11-06,accepted,
R0154,F005,2023-11,146,2023-12-06,accepted,
R0155,F005,2023-12,152,2024-01-06,accepted,
R0156,F005,2024-01,163,2024-02-06,accepted,
R0157,F005,2024-02,147,2024-03-06,accepted,
R0158,F005,2024-03,134,2024-04-06,accepted,
R0159,F005,2024-04,147,2024-05-06,accepted,
R0160,F005,2024-05,134,2024-06-06,accepted,
R0161,F005,2024-06,149,2024-07-06,accepted,
R0162,F005,2024-07,136,2024-08-06,accepted,
R0163,F005,2024-08,136,2024-09-06,accepted,
R0164,F005,2024-09,147,2024-10-06,accepted,
R0165,F005,2024-10,149,2024-11-06,accepted,
R0166,F005,2024-11,150,2024-12-06,accepted,
R0167,F005,2024-12,153,2025-01-06,accepted,
R0168,F005,2025-01,161,2025-02-06,accepted,
R0169,F005,2025-02,158,2025-03-06,accepted,
R0170,F005,2025-03,138,2025-04-06,accepted,
R0171,F005,2025-04,149,2025-05-06,accepted,
R0172,F005,2025-05,138,2025-06-06,accepted,
R0173,F005,2025-06,-4,2025-07-06,rejected,invalid_doses
R0174,F005,2025-07,144,2025-08-06,accepted,
R0175,F005,2025-08,143,2025-09-06,accepted,
R0176,F005,2025-09,146,2025-10-06,accepted,
R0177,F005,2025-10,148,2025-11-06,accepted,
R0178,F005,2025-11,159,2025-12-06,accepted,
R0179,F005,2025-12,148,2026-01-06,accepted,
R0180,F006,2023-01,164,2023-02-06,accepted,
R0181,F006,2023-02,164,2023-03-06,accepted,
R0182,F006,2023-03,146,2023-04-06,accepted,
R0183,F006,2023-04,154,2023-05-06,accepted,
R0184,F006,2023-05,144,2023-06-06,accepted,
R0185,F006,2023-06,162,2023-07-06,accepted,
R0186,F006,2023-07,161,2023-08-06,accepted,
R0187,F006,2023-08,151,2023-09-06,accepted,
R0188,F006,2023-09,162,2023-10-06,accepted,
R0189,F006,2023-10,151,2023-11-06,accepted,
R0190,F006,2023-11,157,2023-12-06,accepted,
R0191,F006,2023-12,159,2024-01-06,accepted,
R0192,F006,2024-01,158,2024-02-06,accepted,
R0193,F006,2024-02,164,2024-03-06,accepted,
R0194,F006,2024-03,146,2024-04-06,accepted,
R0195,F006,2024-04,145,2024-05-06,accepted,
R0196,F006,2024-05,154,2024-06-06,accepted,
R0197,F006,2024-06,146,2024-07-06,accepted,
R0198,F006,2024-07,160,2024-08-06,accepted,
R0199,F006,2024-08,151,2024-09-06,accepted,
R0200,F006,2024-09,152,2024-10-06,accepted,
R0201,F006,2024-10,159,2024-11-06,accepted,
R0202,F006,2024-11,163,2024-12-06,accepted,
R0203,F006,2024-12,174,2025-01-06,accepted,
R0204,F006,2025-01,161,2025-02-06,accepted,
R0205,F006,2025-02,175,2025-03-06,accepted,
R0206,F006,2025-03,162,2025-04-06,accepted,
R0207,F006,2025-05,151,2025-06-06,accepted,
R0208,F006,2025-06,159,2025-07-06,accepted,
R0209,F006,2025-07,157,2025-08-06,accepted,
R0210,F006,2025-08,150,2025-09-06,accepted,
R0211,F006,2025-09,147,2025-10-06,accepted,
R0212,F006,2025-10,147,2025-11-06,accepted,
R0213,F006,2025-11,170,2025-12-06,accepted,
R0214,F006,2025-12,168,2026-01-06,accepted,
R0215,F002,2025-05,125,2025-06-19,accepted,
R0216,F999,2025-08,90,2025-09-06,rejected,unknown_facility
